date,death,pollution
1997-01-01,211,NA
1997-01-02,229,NA
1997-01-03,231,NA
1997-01-04,204,25.285714286
1997-01-05,208,NA
1997-01-06,227,NA
1997-01-07,189,NA
1997-01-08,213,NA
1997-01-09,237,NA
1997-01-10,219,25.25
1997-01-11,198,NA
1997-01-12,155,NA
1997-01-13,206,NA
1997-01-14,199,NA
1997-01-15,192,NA
1997-01-16,246,26.25
1997-01-17,204,NA
1997-01-18,183,NA
1997-01-19,171,NA
1997-01-20,206,NA
1997-01-21,212,NA
1997-01-22,238,25.428571429
1997-01-23,216,NA
1997-01-24,178,NA
1997-01-25,215,NA
1997-01-26,179,NA
1997-01-27,192,NA
1997-01-28,179,17
1997-01-29,186,NA
1997-01-30,186,NA
1997-01-31,185,NA
1997-02-01,199,NA
1997-02-02,179,NA
1997-02-03,190,37.428571429
1997-02-04,166,NA
1997-02-05,205,NA
1997-02-06,201,NA
1997-02-07,183,NA
1997-02-08,177,NA
1997-02-09,198,19.5
1997-02-10,163,NA
1997-02-11,176,NA
1997-02-12,208,NA
1997-02-13,173,NA
1997-02-14,186,NA
1997-02-15,179,24.5
1997-02-16,185,NA
1997-02-17,175,NA
1997-02-18,161,NA
1997-02-19,176,NA
1997-02-20,199,NA
1997-02-21,184,24.625
1997-02-22,179,NA
1997-02-23,180,NA
1997-02-24,180,NA
1997-02-25,176,NA
1997-02-26,169,NA
1997-02-27,190,17.75
1997-02-28,184,NA
1997-03-01,193,NA
1997-03-02,168,NA
1997-03-03,176,NA
1997-03-04,174,NA
1997-03-05,167,29
1997-03-06,187,NA
1997-03-07,173,NA
1997-03-08,172,NA
1997-03-09,189,NA
1997-03-10,212,NA
1997-03-11,200,20.375
1997-03-12,171,NA
1997-03-13,155,NA
1997-03-14,181,NA
1997-03-15,174,NA
1997-03-16,173,NA
1997-03-17,190,23.5
1997-03-18,181,NA
1997-03-19,166,NA
1997-03-20,162,NA
1997-03-21,206,NA
1997-03-22,193,NA
1997-03-23,159,7
1997-03-24,183,NA
1997-03-25,172,NA
1997-03-26,181,NA
1997-03-27,187,NA
1997-03-28,172,NA
1997-03-29,136,34.166666667
1997-03-30,179,NA
1997-03-31,156,NA
1997-04-01,170,NA
1997-04-02,186,NA
1997-04-03,187,NA
1997-04-04,176,21.428571429
1997-04-05,172,NA
1997-04-06,173,NA
1997-04-07,169,NA
1997-04-08,161,NA
1997-04-09,174,NA
1997-04-10,179,12.714285714
1997-04-11,176,NA
1997-04-12,180,NA
1997-04-13,173,NA
1997-04-14,180,NA
1997-04-15,173,NA
1997-04-16,181,27.666666667
1997-04-17,158,NA
1997-04-18,176,NA
1997-04-19,188,NA
1997-04-20,149,NA
1997-04-21,200,NA
1997-04-22,154,30.428571429
1997-04-23,179,NA
1997-04-24,179,NA
1997-04-25,168,NA
1997-04-26,172,NA
1997-04-27,148,NA
1997-04-28,148,19.285714286
1997-04-29,188,NA
1997-04-30,181,NA
1997-05-01,178,NA
1997-05-02,169,NA
1997-05-03,161,NA
1997-05-04,180,10.714285714
1997-05-05,182,NA
1997-05-06,180,NA
1997-05-07,136,NA
1997-05-08,175,NA
1997-05-09,164,NA
1997-05-10,183,10.625
1997-05-11,170,NA
1997-05-12,178,NA
1997-05-13,179,NA
1997-05-14,184,NA
1997-05-15,157,NA
1997-05-16,185,17
1997-05-17,161,NA
1997-05-18,162,NA
1997-05-19,152,NA
1997-05-20,165,NA
1997-05-21,157,NA
1997-05-22,144,14.857142857
1997-05-23,177,NA
1997-05-24,205,NA
1997-05-25,178,NA
1997-05-26,177,NA
1997-05-27,153,NA
1997-05-28,168,19.428571429
1997-05-29,162,NA
1997-05-30,154,NA
1997-05-31,147,NA
1997-06-01,178,NA
1997-06-02,151,NA
1997-06-03,172,16.444444444
1997-06-04,157,NA
1997-06-05,167,NA
1997-06-06,168,NA
1997-06-07,138,NA
1997-06-08,154,NA
1997-06-09,171,26.555555556
1997-06-10,159,NA
1997-06-11,192,NA
1997-06-12,204,NA
1997-06-13,171,NA
1997-06-14,149,NA
1997-06-15,155,13.444444444
1997-06-16,167,NA
1997-06-17,133,NA
1997-06-18,144,NA
1997-06-19,157,NA
1997-06-20,167,NA
1997-06-21,166,54.125
1997-06-22,153,NA
1997-06-23,190,NA
1997-06-24,163,NA
1997-06-25,177,NA
1997-06-26,185,NA
1997-06-27,173,20
1997-06-28,167,NA
1997-06-29,148,NA
1997-06-30,171,NA
1997-07-01,144,NA
1997-07-02,169,NA
1997-07-03,165,24
1997-07-04,150,NA
1997-07-05,132,NA
1997-07-06,150,NA
1997-07-07,155,NA
1997-07-08,166,NA
1997-07-09,167,41.875
1997-07-10,155,NA
1997-07-11,171,NA
1997-07-12,152,NA
1997-07-13,153,NA
1997-07-14,173,NA
1997-07-15,178,85
1997-07-16,204,NA
1997-07-17,176,NA
1997-07-18,179,NA
1997-07-19,152,NA
1997-07-20,157,NA
1997-07-21,153,33.875
1997-07-22,170,NA
1997-07-23,126,NA
1997-07-24,159,NA
1997-07-25,163,NA
1997-07-26,151,NA
1997-07-27,155,53.5
1997-07-28,153,NA
1997-07-29,147,NA
1997-07-30,156,NA
1997-07-31,146,NA
1997-08-01,154,NA
1997-08-02,160,48.571428571
1997-08-03,180,NA
1997-08-04,173,NA
1997-08-05,164,NA
1997-08-06,157,NA
1997-08-07,135,NA
1997-08-08,153,36.857142857
1997-08-09,133,NA
1997-08-10,178,NA
1997-08-11,149,NA
1997-08-12,151,NA
1997-08-13,167,NA
1997-08-14,136,28
1997-08-15,138,NA
1997-08-16,160,NA
1997-08-17,150,NA
1997-08-18,161,NA
1997-08-19,146,NA
1997-08-20,160,20.375
1997-08-21,144,NA
1997-08-22,132,NA
1997-08-23,150,NA
1997-08-24,135,NA
1997-08-25,163,NA
1997-08-26,161,32.142857143
1997-08-27,159,NA
1997-08-28,143,NA
1997-08-29,154,NA
1997-08-30,158,NA
1997-08-31,132,NA
1997-09-01,174,33
1997-09-02,156,NA
1997-09-03,158,NA
1997-09-04,148,NA
1997-09-05,133,NA
1997-09-06,195,NA
1997-09-07,192,42
1997-09-08,168,NA
1997-09-09,164,NA
1997-09-10,156,NA
1997-09-11,181,NA
1997-09-12,148,NA
1997-09-13,183,30.142857143
1997-09-14,163,NA
1997-09-15,158,NA
1997-09-16,166,NA
1997-09-17,161,NA
1997-09-18,165,NA
1997-09-19,170,37.375
1997-09-20,140,NA
1997-09-21,160,NA
1997-09-22,149,NA
1997-09-23,154,NA
1997-09-24,167,NA
1997-09-25,154,24.857142857
1997-09-26,162,NA
1997-09-27,143,NA
1997-09-28,157,NA
1997-09-29,194,NA
1997-09-30,145,NA
1997-10-01,159,12.25
1997-10-02,137,NA
1997-10-03,135,NA
1997-10-04,187,NA
1997-10-05,157,NA
1997-10-06,190,NA
1997-10-07,169,28
1997-10-08,171,NA
1997-10-09,156,NA
1997-10-10,175,NA
1997-10-11,169,NA
1997-10-12,159,NA
1997-10-13,170,24.875
1997-10-14,192,NA
1997-10-15,163,NA
1997-10-16,168,NA
1997-10-17,138,NA
1997-10-18,150,NA
1997-10-19,149,22.875
1997-10-20,169,NA
1997-10-21,170,NA
1997-10-22,178,NA
1997-10-23,162,NA
1997-10-24,163,NA
1997-10-25,189,20.625
1997-10-26,171,NA
1997-10-27,167,NA
1997-10-28,155,NA
1997-10-29,171,NA
1997-10-30,192,NA
1997-10-31,149,42
1997-11-01,185,NA
1997-11-02,163,NA
1997-11-03,159,NA
1997-11-04,175,NA
1997-11-05,141,NA
1997-11-06,184,28.875
1997-11-07,166,NA
1997-11-08,182,NA
1997-11-09,171,NA
1997-11-10,172,NA
1997-11-11,150,NA
1997-11-12,195,17.666666667
1997-11-13,186,NA
1997-11-14,171,NA
1997-11-15,194,NA
1997-11-16,165,NA
1997-11-17,179,NA
1997-11-18,162,32.714285714
1997-11-19,165,NA
1997-11-20,144,NA
1997-11-21,161,NA
1997-11-22,156,NA
1997-11-23,188,NA
1997-11-24,195,20.125
1997-11-25,173,NA
1997-11-26,176,NA
1997-11-27,195,NA
1997-11-28,150,NA
1997-11-29,187,NA
1997-11-30,159,32.125
1997-12-01,188,NA
1997-12-02,177,NA
1997-12-03,176,NA
1997-12-04,166,NA
1997-12-05,196,NA
1997-12-06,187,17
1997-12-07,169,NA
1997-12-08,181,NA
1997-12-09,193,NA
1997-12-10,202,NA
1997-12-11,185,NA
1997-12-12,193,33.166666667
1997-12-13,185,NA
1997-12-14,183,NA
1997-12-15,195,NA
1997-12-16,185,NA
1997-12-17,174,NA
1997-12-18,180,29.666666667
1997-12-19,159,NA
1997-12-20,209,NA
1997-12-21,164,NA
1997-12-22,186,NA
1997-12-23,194,NA
1997-12-24,188,22.857142857
1997-12-25,193,NA
1997-12-26,206,NA
1997-12-27,196,NA
1997-12-28,184,NA
1997-12-29,236,NA
1997-12-30,212,15.666666667
1997-12-31,178,NA
1998-01-01,204,NA
1998-01-02,195,NA
1998-01-03,203,NA
1998-01-04,242,NA
1998-01-05,220,42.885714286
1998-01-06,225,NA
1998-01-07,207,NA
1998-01-08,242,NA
1998-01-09,228,NA
1998-01-10,211,NA
1998-01-11,199,20.175
1998-01-12,208,NA
1998-01-13,196,NA
1998-01-14,201,NA
1998-01-15,206,NA
1998-01-16,197,NA
1998-01-17,218,17.85
1998-01-18,183,NA
1998-01-19,203,NA
1998-01-20,209,NA
1998-01-21,193,NA
1998-01-22,189,NA
1998-01-23,188,16.314285714
1998-01-24,182,NA
1998-01-25,193,NA
1998-01-26,192,NA
1998-01-27,181,NA
1998-01-28,217,NA
1998-01-29,207,21.6125
1998-01-30,194,NA
1998-01-31,191,NA
1998-02-01,175,NA
1998-02-02,208,NA
1998-02-03,185,NA
1998-02-04,187,23.985714286
1998-02-05,157,NA
1998-02-06,187,NA
1998-02-07,196,NA
1998-02-08,194,NA
1998-02-09,194,NA
1998-02-10,180,54.857142857
1998-02-11,185,NA
1998-02-12,204,NA
1998-02-13,180,NA
1998-02-14,178,NA
1998-02-15,195,NA
1998-02-16,191,24.1125
1998-02-17,189,NA
1998-02-18,201,NA
1998-02-19,172,NA
1998-02-20,158,NA
1998-02-21,175,NA
1998-02-22,189,15.3
1998-02-23,182,NA
1998-02-24,184,NA
1998-02-25,173,NA
1998-02-26,196,NA
1998-02-27,180,NA
1998-02-28,166,22.685714286
1998-03-01,191,NA
1998-03-02,177,NA
1998-03-03,177,NA
1998-03-04,159,NA
1998-03-05,125,NA
1998-03-06,173,20.6
1998-03-07,169,NA
1998-03-08,164,NA
1998-03-09,174,NA
1998-03-10,182,NA
1998-03-11,157,NA
1998-03-12,181,15.6
1998-03-13,183,NA
1998-03-14,181,NA
1998-03-15,187,NA
1998-03-16,185,NA
1998-03-17,161,NA
1998-03-18,176,18.7
1998-03-19,152,NA
1998-03-20,183,NA
1998-03-21,172,NA
1998-03-22,166,NA
1998-03-23,166,NA
1998-03-24,160,22.985714286
1998-03-25,164,NA
1998-03-26,151,NA
1998-03-27,172,NA
1998-03-28,176,NA
1998-03-29,169,NA
1998-03-30,189,43.1
1998-03-31,180,NA
1998-04-01,174,NA
1998-04-02,152,NA
1998-04-03,127,NA
1998-04-04,157,NA
1998-04-05,153,9.6714285714
1998-04-06,186,NA
1998-04-07,165,NA
1998-04-08,153,NA
1998-04-09,133,NA
1998-04-10,165,NA
1998-04-11,152,18.5375
1998-04-12,176,NA
1998-04-13,162,NA
1998-04-14,173,NA
1998-04-15,176,NA
1998-04-16,169,NA
1998-04-17,152,31.771428571
1998-04-18,171,NA
1998-04-19,177,NA
1998-04-20,167,NA
1998-04-21,161,NA
1998-04-22,160,NA
1998-04-23,157,21.042857143
1998-04-24,154,NA
1998-04-25,143,NA
1998-04-26,134,NA
1998-04-27,172,NA
1998-04-28,161,NA
1998-04-29,157,25.1875
1998-04-30,158,NA
1998-05-01,170,NA
1998-05-02,185,NA
1998-05-03,143,NA
1998-05-04,143,NA
1998-05-05,124,26.3375
1998-05-06,134,NA
1998-05-07,150,NA
1998-05-08,160,NA
1998-05-09,178,NA
1998-05-10,146,NA
1998-05-11,155,18.375
1998-05-12,158,NA
1998-05-13,129,NA
1998-05-14,145,NA
1998-05-15,177,NA
1998-05-16,189,NA
1998-05-17,157,31.05
1998-05-18,198,NA
1998-05-19,156,NA
1998-05-20,175,NA
1998-05-21,160,NA
1998-05-22,164,NA
1998-05-23,162,13.6375
1998-05-24,156,NA
1998-05-25,176,NA
1998-05-26,169,NA
1998-05-27,157,NA
1998-05-28,169,NA
1998-05-29,156,50.514285714
1998-05-30,147,NA
1998-05-31,157,NA
1998-06-01,161,NA
1998-06-02,149,NA
1998-06-03,159,NA
1998-06-04,152,18.5125
1998-06-05,181,NA
1998-06-06,166,NA
1998-06-07,181,NA
1998-06-08,169,NA
1998-06-09,165,NA
1998-06-10,157,22.65
1998-06-11,134,NA
1998-06-12,157,NA
1998-06-13,162,NA
1998-06-14,152,NA
1998-06-15,175,NA
1998-06-16,159,34.257142857
1998-06-17,145,NA
1998-06-18,148,NA
1998-06-19,160,NA
1998-06-20,171,NA
1998-06-21,174,NA
1998-06-22,137,40.314285714
1998-06-23,146,NA
1998-06-24,156,NA
1998-06-25,170,NA
1998-06-26,176,NA
1998-06-27,177,NA
1998-06-28,143,16.875
1998-06-29,149,NA
1998-06-30,157,NA
1998-07-01,131,NA
1998-07-02,134,NA
1998-07-03,174,NA
1998-07-04,156,58.057142857
1998-07-05,137,NA
1998-07-06,147,NA
1998-07-07,144,NA
1998-07-08,162,NA
1998-07-09,143,NA
1998-07-10,170,31
1998-07-11,178,NA
1998-07-12,150,NA
1998-07-13,155,NA
1998-07-14,171,NA
1998-07-15,173,NA
1998-07-16,159,37.314285714
1998-07-17,151,NA
1998-07-18,151,NA
1998-07-19,149,NA
1998-07-20,160,NA
1998-07-21,141,NA
1998-07-22,144,38.157142857
1998-07-23,171,NA
1998-07-24,179,NA
1998-07-25,140,NA
1998-07-26,133,NA
1998-07-27,154,NA
1998-07-28,182,33.0625
1998-07-29,184,NA
1998-07-30,160,NA
1998-07-31,150,NA
1998-08-01,167,NA
1998-08-02,157,NA
1998-08-03,151,28.614285714
1998-08-04,146,NA
1998-08-05,152,NA
1998-08-06,156,NA
1998-08-07,145,NA
1998-08-08,175,NA
1998-08-09,166,18.825
1998-08-10,151,NA
1998-08-11,138,NA
1998-08-12,144,NA
1998-08-13,140,NA
1998-08-14,159,NA
1998-08-15,140,16.5
1998-08-16,132,NA
1998-08-17,170,NA
1998-08-18,151,NA
1998-08-19,140,NA
1998-08-20,145,NA
1998-08-21,131,35.8125
1998-08-22,161,NA
1998-08-23,149,NA
1998-08-24,189,NA
1998-08-25,159,NA
1998-08-26,152,NA
1998-08-27,165,30.2125
1998-08-28,156,NA
1998-08-29,132,NA
1998-08-30,148,NA
1998-08-31,173,NA
1998-09-01,179,NA
1998-09-02,142,25.075
1998-09-03,161,NA
1998-09-04,167,NA
1998-09-05,139,NA
1998-09-06,154,NA
1998-09-07,174,NA
1998-09-08,186,18.775
1998-09-09,174,NA
1998-09-10,159,NA
1998-09-11,170,NA
1998-09-12,152,NA
1998-09-13,169,NA
1998-09-14,167,20.5
1998-09-15,160,NA
1998-09-16,162,NA
1998-09-17,131,NA
1998-09-18,153,NA
1998-09-19,155,NA
1998-09-20,153,26.075
1998-09-21,155,NA
1998-09-22,146,NA
1998-09-23,133,NA
1998-09-24,147,NA
1998-09-25,176,NA
1998-09-26,172,49.54
1998-09-27,176,NA
1998-09-28,151,NA
1998-09-29,175,NA
1998-09-30,150,NA
1998-10-01,169,NA
1998-10-02,156,15.7125
1998-10-03,161,NA
1998-10-04,167,NA
1998-10-05,190,NA
1998-10-06,176,NA
1998-10-07,180,NA
1998-10-08,156,20.2
1998-10-09,140,NA
1998-10-10,184,NA
1998-10-11,161,NA
1998-10-12,176,NA
1998-10-13,155,NA
1998-10-14,155,18.575
1998-10-15,165,NA
1998-10-16,166,NA
1998-10-17,178,NA
1998-10-18,177,NA
1998-10-19,144,NA
1998-10-20,144,22.585714286
1998-10-21,171,NA
1998-10-22,150,NA
1998-10-23,192,NA
1998-10-24,169,NA
1998-10-25,194,NA
1998-10-26,176,24.942857143
1998-10-27,168,NA
1998-10-28,170,NA
1998-10-29,159,NA
1998-10-30,183,NA
1998-10-31,155,NA
1998-11-01,177,9.6571428571
1998-11-02,178,NA
1998-11-03,175,NA
1998-11-04,167,NA
1998-11-05,184,NA
1998-11-06,190,NA
1998-11-07,191,15.0375
1998-11-08,166,NA
1998-11-09,188,NA
1998-11-10,156,NA
1998-11-11,181,NA
1998-11-12,157,NA
1998-11-13,180,23.4
1998-11-14,181,NA
1998-11-15,186,NA
1998-11-16,171,NA
1998-11-17,163,NA
1998-11-18,167,NA
1998-11-19,151,26
1998-11-20,182,NA
1998-11-21,179,NA
1998-11-22,148,NA
1998-11-23,152,NA
1998-11-24,170,NA
1998-11-25,168,14.8
1998-11-26,176,NA
1998-11-27,167,NA
1998-11-28,182,NA
1998-11-29,158,NA
1998-11-30,155,NA
1998-12-01,192,18.825
1998-12-02,189,NA
1998-12-03,162,NA
1998-12-04,197,NA
1998-12-05,161,NA
1998-12-06,147,NA
1998-12-07,189,19.771428571
1998-12-08,184,NA
1998-12-09,155,NA
1998-12-10,169,NA
1998-12-11,195,NA
1998-12-12,172,NA
1998-12-13,160,26.35
1998-12-14,191,NA
1998-12-15,197,NA
1998-12-16,192,NA
1998-12-17,152,NA
1998-12-18,180,NA
1998-12-19,152,17.271428571
1998-12-20,191,NA
1998-12-21,205,NA
1998-12-22,186,NA
1998-12-23,156,NA
1998-12-24,172,NA
1998-12-25,161,22.114285714
1998-12-26,191,NA
1998-12-27,217,NA
1998-12-28,202,NA
1998-12-29,170,NA
1998-12-30,213,NA
1998-12-31,222,20.216666667
1999-01-01,192,NA
1999-01-02,207,NA
1999-01-03,227,NA
1999-01-04,242,NA
1999-01-05,190,NA
1999-01-06,243,21
1999-01-07,192,NA
1999-01-08,264,NA
1999-01-09,200,NA
1999-01-10,237,NA
1999-01-11,238,NA
1999-01-12,229,19
1999-01-13,285,NA
1999-01-14,228,NA
1999-01-15,196,NA
1999-01-16,227,NA
1999-01-17,253,NA
1999-01-18,242,12.5
1999-01-19,262,NA
1999-01-20,199,NA
1999-01-21,219,NA
1999-01-22,238,NA
1999-01-23,209,NA
1999-01-24,244,11
1999-01-25,203,NA
1999-01-26,242,NA
1999-01-27,216,NA
1999-01-28,202,NA
1999-01-29,241,NA
1999-01-30,209,NA
1999-01-31,238,NA
1999-02-01,217,NA
1999-02-02,207,NA
1999-02-03,212,NA
1999-02-04,220,NA
1999-02-05,209,11
1999-02-06,172,NA
1999-02-07,218,NA
1999-02-08,217,NA
1999-02-09,205,NA
1999-02-10,201,NA
1999-02-11,203,19
1999-02-12,206,NA
1999-02-13,194,NA
1999-02-14,198,NA
1999-02-15,177,NA
1999-02-16,191,NA
1999-02-17,202,NA
1999-02-18,208,NA
1999-02-19,178,NA
1999-02-20,196,NA
1999-02-21,163,NA
1999-02-22,197,NA
1999-02-23,199,18
1999-02-24,181,NA
1999-02-25,218,NA
1999-02-26,182,NA
1999-02-27,175,NA
1999-02-28,175,NA
1999-03-01,206,NA
1999-03-02,137,NA
1999-03-03,184,NA
1999-03-04,186,NA
1999-03-05,162,NA
1999-03-06,180,NA
1999-03-07,178,9.5
1999-03-08,190,NA
1999-03-09,176,NA
1999-03-10,180,NA
1999-03-11,179,NA
1999-03-12,183,NA
1999-03-13,190,10
1999-03-14,193,NA
1999-03-15,204,NA
1999-03-16,190,NA
1999-03-17,197,NA
1999-03-18,182,NA
1999-03-19,181,10.5
1999-03-20,151,NA
1999-03-21,168,NA
1999-03-22,175,NA
1999-03-23,154,NA
1999-03-24,168,NA
1999-03-25,183,17
1999-03-26,155,NA
1999-03-27,174,NA
1999-03-28,180,NA
1999-03-29,171,NA
1999-03-30,178,NA
1999-03-31,154,27
1999-04-01,179,NA
1999-04-02,177,NA
1999-04-03,157,NA
1999-04-04,150,NA
1999-04-05,158,NA
1999-04-06,176,21
1999-04-07,147,NA
1999-04-08,176,NA
1999-04-09,177,NA
1999-04-10,178,NA
1999-04-11,169,NA
1999-04-12,159,13
1999-04-13,166,NA
1999-04-14,151,NA
1999-04-15,152,NA
1999-04-16,173,NA
1999-04-17,183,NA
1999-04-18,134,12.5
1999-04-19,180,NA
1999-04-20,154,NA
1999-04-21,156,NA
1999-04-22,152,NA
1999-04-23,175,NA
1999-04-24,160,10
1999-04-25,151,NA
1999-04-26,161,NA
1999-04-27,152,NA
1999-04-28,153,NA
1999-04-29,180,NA
1999-04-30,159,18.5
1999-05-01,153,NA
1999-05-02,161,NA
1999-05-03,154,NA
1999-05-04,158,NA
1999-05-05,153,NA
1999-05-06,165,27
1999-05-07,174,NA
1999-05-08,149,NA
1999-05-09,157,NA
1999-05-10,162,NA
1999-05-11,150,NA
1999-05-12,164,28
1999-05-13,160,NA
1999-05-14,168,NA
1999-05-15,148,NA
1999-05-16,159,NA
1999-05-17,168,NA
1999-05-18,171,20
1999-05-19,159,NA
1999-05-20,184,NA
1999-05-21,149,NA
1999-05-22,144,NA
1999-05-23,152,NA
1999-05-24,139,34.5
1999-05-25,179,NA
1999-05-26,170,NA
1999-05-27,149,NA
1999-05-28,159,NA
1999-05-29,184,NA
1999-05-30,175,30
1999-05-31,159,NA
1999-06-01,159,NA
1999-06-02,160,NA
1999-06-03,178,NA
1999-06-04,160,NA
1999-06-05,154,21
1999-06-06,155,NA
1999-06-07,169,NA
1999-06-08,173,NA
1999-06-09,160,NA
1999-06-10,143,NA
1999-06-11,143,26.5
1999-06-12,151,NA
1999-06-13,133,NA
1999-06-14,126,NA
1999-06-15,147,NA
1999-06-16,133,NA
1999-06-17,152,21
1999-06-18,155,NA
1999-06-19,153,NA
1999-06-20,159,NA
1999-06-21,165,NA
1999-06-22,156,NA
1999-06-23,167,32.5
1999-06-24,158,NA
1999-06-25,134,NA
1999-06-26,151,NA
1999-06-27,146,NA
1999-06-28,176,NA
1999-06-29,171,35
1999-06-30,164,NA
1999-07-01,154,NA
1999-07-02,174,NA
1999-07-03,171,NA
1999-07-04,149,NA
1999-07-05,185,45
1999-07-06,232,NA
1999-07-07,268,NA
1999-07-08,196,NA
1999-07-09,164,NA
1999-07-10,184,NA
1999-07-11,162,9.5
1999-07-12,149,NA
1999-07-13,165,NA
1999-07-14,132,NA
1999-07-15,165,NA
1999-07-16,126,NA
1999-07-17,174,43
1999-07-18,154,NA
1999-07-19,145,NA
1999-07-20,165,NA
1999-07-21,142,NA
1999-07-22,156,NA
1999-07-23,173,40
1999-07-24,156,NA
1999-07-25,163,NA
1999-07-26,173,NA
1999-07-27,166,NA
1999-07-28,153,NA
1999-07-29,158,37
1999-07-30,165,NA
1999-07-31,154,NA
1999-08-01,167,NA
1999-08-02,155,NA
1999-08-03,148,NA
1999-08-04,161,20
1999-08-05,158,NA
1999-08-06,167,NA
1999-08-07,157,NA
1999-08-08,149,NA
1999-08-09,177,NA
1999-08-10,139,19
1999-08-11,159,NA
1999-08-12,157,NA
1999-08-13,164,NA
1999-08-14,154,NA
1999-08-15,123,NA
1999-08-16,142,19
1999-08-17,166,NA
1999-08-18,152,NA
1999-08-19,128,NA
1999-08-20,145,NA
1999-08-21,140,NA
1999-08-22,139,15
1999-08-23,158,NA
1999-08-24,154,NA
1999-08-25,179,NA
1999-08-26,176,NA
1999-08-27,170,NA
1999-08-28,157,42
1999-08-29,133,NA
1999-08-30,129,NA
1999-08-31,154,NA
1999-09-01,154,NA
1999-09-02,151,NA
1999-09-03,147,25
1999-09-04,156,NA
1999-09-05,161,NA
1999-09-06,163,NA
1999-09-07,148,NA
1999-09-08,139,NA
1999-09-09,157,46
1999-09-10,145,NA
1999-09-11,136,NA
1999-09-12,147,NA
1999-09-13,166,NA
1999-09-14,168,NA
1999-09-15,159,20
1999-09-16,147,NA
1999-09-17,130,NA
1999-09-18,145,NA
1999-09-19,162,NA
1999-09-20,145,NA
1999-09-21,133,13
1999-09-22,145,NA
1999-09-23,161,NA
1999-09-24,178,NA
1999-09-25,149,NA
1999-09-26,158,NA
1999-09-27,161,15
1999-09-28,147,NA
1999-09-29,193,NA
1999-09-30,161,NA
1999-10-01,154,NA
1999-10-02,154,NA
1999-10-03,146,21.5
1999-10-04,177,NA
1999-10-05,151,NA
1999-10-06,184,NA
1999-10-07,154,NA
1999-10-08,143,NA
1999-10-09,172,18
1999-10-10,170,NA
1999-10-11,144,NA
1999-10-12,171,NA
1999-10-13,165,NA
1999-10-14,179,NA
1999-10-15,159,11
1999-10-16,173,NA
1999-10-17,164,NA
1999-10-18,172,NA
1999-10-19,174,NA
1999-10-20,162,NA
1999-10-21,165,15
1999-10-22,147,NA
1999-10-23,169,NA
1999-10-24,155,NA
1999-10-25,173,NA
1999-10-26,171,NA
1999-10-27,177,16
1999-10-28,149,NA
1999-10-29,152,NA
1999-10-30,163,NA
1999-10-31,185,NA
1999-11-01,162,NA
1999-11-02,163,21
1999-11-03,152,NA
1999-11-04,154,NA
1999-11-05,164,NA
1999-11-06,193,NA
1999-11-07,149,NA
1999-11-08,198,10
1999-11-09,187,NA
1999-11-10,186,NA
1999-11-11,163,NA
1999-11-12,171,NA
1999-11-13,160,NA
1999-11-14,149,26
1999-11-15,187,NA
1999-11-16,178,NA
1999-11-17,207,NA
1999-11-18,171,NA
1999-11-19,168,NA
1999-11-20,180,14.5
1999-11-21,151,NA
1999-11-22,165,NA
1999-11-23,160,NA
1999-11-24,159,NA
1999-11-25,160,NA
1999-11-26,159,9.5
1999-11-27,179,NA
1999-11-28,154,NA
1999-11-29,161,NA
1999-11-30,167,NA
1999-12-01,203,NA
1999-12-02,199,16
1999-12-03,165,NA
1999-12-04,213,NA
1999-12-05,182,NA
1999-12-06,187,NA
1999-12-07,171,NA
1999-12-08,167,22
1999-12-09,152,NA
1999-12-10,187,NA
1999-12-11,164,NA
1999-12-12,185,NA
1999-12-13,192,NA
1999-12-14,205,9
1999-12-15,171,NA
1999-12-16,202,NA
1999-12-17,199,NA
1999-12-18,181,NA
1999-12-19,197,NA
1999-12-20,215,10
1999-12-21,164,NA
1999-12-22,182,NA
1999-12-23,168,NA
1999-12-24,208,NA
1999-12-25,202,NA
1999-12-26,187,12.5
1999-12-27,224,NA
1999-12-28,232,NA
1999-12-29,210,NA
1999-12-30,215,NA
1999-12-31,238,NA
2000-01-01,228,33
2000-01-02,238,NA
2000-01-03,226,NA
2000-01-04,237,NA
2000-01-05,254,NA
2000-01-06,239,NA
2000-01-07,213,21
2000-01-08,226,NA
2000-01-09,214,NA
2000-01-10,222,NA
2000-01-11,239,NA
2000-01-12,193,NA
2000-01-13,244,11
2000-01-14,204,NA
2000-01-15,202,NA
2000-01-16,220,NA
2000-01-17,188,NA
2000-01-18,216,NA
2000-01-19,210,19
2000-01-20,236,NA
2000-01-21,217,NA
2000-01-22,218,NA
2000-01-23,226,NA
2000-01-24,197,NA
2000-01-25,204,18
2000-01-26,197,NA
2000-01-27,194,NA
2000-01-28,183,NA
2000-01-29,202,NA
2000-01-30,198,NA
2000-01-31,217,19
2000-02-01,213,NA
2000-02-02,188,NA
2000-02-03,174,NA
2000-02-04,182,NA
2000-02-05,197,NA
2000-02-06,175,12
2000-02-07,191,NA
2000-02-08,184,NA
2000-02-09,185,NA
2000-02-10,170,NA
2000-02-11,172,NA
2000-02-12,172,14
2000-02-13,197,NA
2000-02-14,213,NA
2000-02-15,180,NA
2000-02-16,170,NA
2000-02-17,182,NA
2000-02-18,173,14
2000-02-19,174,NA
2000-02-20,173,NA
2000-02-21,176,NA
2000-02-22,154,NA
2000-02-23,175,NA
2000-02-24,161,43
2000-02-25,171,NA
2000-02-26,187,NA
2000-02-27,172,NA
2000-02-28,170,NA
2000-02-29,172,NA
2000-03-01,166,14.5
2000-03-02,197,NA
2000-03-03,173,NA
2000-03-04,167,NA
2000-03-05,175,NA
2000-03-06,179,NA
2000-03-07,175,20
2000-03-08,159,NA
2000-03-09,164,NA
2000-03-10,150,NA
2000-03-11,174,NA
2000-03-12,163,NA
2000-03-13,175,13
2000-03-14,161,NA
2000-03-15,171,NA
2000-03-16,168,NA
2000-03-17,151,NA
2000-03-18,153,NA
2000-03-19,131,12
2000-03-20,168,NA
2000-03-21,172,NA
2000-03-22,172,NA
2000-03-23,154,NA
2000-03-24,164,NA
2000-03-25,165,29.5
2000-03-26,152,NA
2000-03-27,185,NA
2000-03-28,155,NA
2000-03-29,149,NA
2000-03-30,130,NA
2000-03-31,153,10
2000-04-01,163,NA
2000-04-02,145,NA
2000-04-03,163,NA
2000-04-04,187,NA
2000-04-05,175,NA
2000-04-06,164,27
2000-04-07,185,NA
2000-04-08,150,NA
2000-04-09,178,NA
2000-04-10,174,NA
2000-04-11,162,NA
2000-04-12,133,14
2000-04-13,164,NA
2000-04-14,168,NA
2000-04-15,171,NA
2000-04-16,187,NA
2000-04-17,161,NA
2000-04-18,146,12
2000-04-19,173,NA
2000-04-20,167,NA
2000-04-21,155,NA
2000-04-22,158,NA
2000-04-23,148,NA
2000-04-24,171,13
2000-04-25,167,NA
2000-04-26,140,NA
2000-04-27,153,NA
2000-04-28,167,NA
2000-04-29,171,NA
2000-04-30,162,13
2000-05-01,154,NA
2000-05-02,150,NA
2000-05-03,148,NA
2000-05-04,174,NA
2000-05-05,161,NA
2000-05-06,177,39
2000-05-07,214,NA
2000-05-08,170,NA
2000-05-09,203,NA
2000-05-10,170,NA
2000-05-11,170,NA
2000-05-12,158,17
2000-05-13,172,NA
2000-05-14,160,NA
2000-05-15,145,NA
2000-05-16,181,NA
2000-05-17,170,NA
2000-05-18,163,32
2000-05-19,158,NA
2000-05-20,146,NA
2000-05-21,143,NA
2000-05-22,164,NA
2000-05-23,147,NA
2000-05-24,159,19
2000-05-25,137,NA
2000-05-26,159,NA
2000-05-27,143,NA
2000-05-28,148,NA
2000-05-29,150,NA
2000-05-30,147,15
2000-05-31,181,NA
2000-06-01,167,NA
2000-06-02,169,NA
2000-06-03,161,NA
2000-06-04,158,NA
2000-06-05,159,15
2000-06-06,144,NA
2000-06-07,183,NA
2000-06-08,145,NA
2000-06-09,157,NA
2000-06-10,136,NA
2000-06-11,156,46
2000-06-12,142,NA
2000-06-13,140,NA
2000-06-14,159,NA
2000-06-15,147,NA
2000-06-16,132,NA
2000-06-17,154,25
2000-06-18,149,NA
2000-06-19,150,NA
2000-06-20,160,NA
2000-06-21,153,NA
2000-06-22,167,NA
2000-06-23,163,20
2000-06-24,157,NA
2000-06-25,164,NA
2000-06-26,151,NA
2000-06-27,165,NA
2000-06-28,157,NA
2000-06-29,164,22
2000-06-30,160,NA
2000-07-01,169,NA
2000-07-02,151,NA
2000-07-03,164,NA
2000-07-04,167,NA
2000-07-05,169,18
2000-07-06,160,NA
2000-07-07,155,NA
2000-07-08,155,NA
2000-07-09,145,NA
2000-07-10,169,NA
2000-07-11,162,16
2000-07-12,162,NA
2000-07-13,158,NA
2000-07-14,186,NA
2000-07-15,134,NA
2000-07-16,135,NA
2000-07-17,157,17
2000-07-18,151,NA
2000-07-19,122,NA
2000-07-20,142,NA
2000-07-21,144,NA
2000-07-22,144,NA
2000-07-23,131,14
2000-07-24,179,NA
2000-07-25,153,NA
2000-07-26,145,NA
2000-07-27,168,NA
2000-07-28,136,NA
2000-07-29,144,15
2000-07-30,130,NA
2000-07-31,128,NA
2000-08-01,153,NA
2000-08-02,153,NA
2000-08-03,150,NA
2000-08-04,162,23
2000-08-05,156,NA
2000-08-06,150,NA
2000-08-07,172,NA
2000-08-08,143,NA
2000-08-09,148,NA
2000-08-10,151,24
2000-08-11,159,NA
2000-08-12,158,NA
2000-08-13,165,NA
2000-08-14,153,NA
2000-08-15,144,NA
2000-08-16,165,22
2000-08-17,171,NA
2000-08-18,163,NA
2000-08-19,159,NA
2000-08-20,137,NA
2000-08-21,149,NA
2000-08-22,171,16
2000-08-23,167,NA
2000-08-24,143,NA
2000-08-25,166,NA
2000-08-26,154,NA
2000-08-27,163,NA
2000-08-28,155,34
2000-08-29,154,NA
2000-08-30,151,NA
2000-08-31,143,NA
2000-09-01,170,NA
2000-09-02,161,NA
2000-09-03,138,24
2000-09-04,136,NA
2000-09-05,145,NA
2000-09-06,135,NA
2000-09-07,150,NA
2000-09-08,138,NA
2000-09-09,163,37
2000-09-10,150,NA
2000-09-11,155,NA
2000-09-12,178,NA
2000-09-13,153,NA
2000-09-14,145,NA
2000-09-15,156,16
2000-09-16,152,NA
2000-09-17,146,NA
2000-09-18,156,NA
2000-09-19,161,NA
2000-09-20,155,NA
2000-09-21,151,22
2000-09-22,156,NA
2000-09-23,179,NA
2000-09-24,182,NA
2000-09-25,169,NA
2000-09-26,151,NA
2000-09-27,172,15
2000-09-28,157,NA
2000-09-29,139,NA
2000-09-30,161,NA
2000-10-01,163,NA
2000-10-02,176,NA
2000-10-03,151,37
2000-10-04,158,NA
2000-10-05,150,NA
2000-10-06,174,NA
2000-10-07,139,NA
2000-10-08,160,NA
2000-10-09,147,9
2000-10-10,187,NA
2000-10-11,157,NA
2000-10-12,179,NA
2000-10-13,166,NA
2000-10-14,177,NA
2000-10-15,169,28
2000-10-16,178,NA
2000-10-17,150,NA
2000-10-18,162,NA
2000-10-19,156,NA
2000-10-20,177,NA
2000-10-21,156,30
2000-10-22,175,NA
2000-10-23,154,NA
2000-10-24,130,NA
2000-10-25,177,NA
2000-10-26,188,NA
2000-10-27,173,62.5
2000-10-28,170,NA
2000-10-29,145,NA
2000-10-30,160,NA
2000-10-31,149,NA
2000-11-01,163,NA
2000-11-02,177,12
2000-11-03,181,NA
2000-11-04,194,NA
2000-11-05,160,NA
2000-11-06,166,NA
2000-11-07,169,NA
2000-11-08,168,27
2000-11-09,162,NA
2000-11-10,188,NA
2000-11-11,183,NA
2000-11-12,158,NA
2000-11-13,176,NA
2000-11-14,168,15
2000-11-15,140,NA
2000-11-16,162,NA
2000-11-17,172,NA
2000-11-18,173,NA
2000-11-19,174,NA
2000-11-20,169,27.5
2000-11-21,203,NA
2000-11-22,194,NA
2000-11-23,154,NA
2000-11-24,180,NA
2000-11-25,162,NA
2000-11-26,164,10
2000-11-27,207,NA
2000-11-28,185,NA
2000-11-29,161,NA
2000-11-30,182,NA
2000-12-01,174,NA
2000-12-02,174,6
2000-12-03,184,NA
2000-12-04,174,NA
2000-12-05,174,NA
2000-12-06,145,NA
2000-12-07,176,NA
2000-12-08,164,23.5
2000-12-09,168,NA
2000-12-10,160,NA
2000-12-11,194,NA
2000-12-12,194,NA
2000-12-13,174,NA
2000-12-14,202,14
2000-12-15,186,NA
2000-12-16,190,NA
2000-12-17,177,NA
2000-12-18,168,NA
2000-12-19,161,NA
2000-12-20,170,18.5
2000-12-21,185,NA
2000-12-22,173,NA
2000-12-23,160,NA
2000-12-24,162,NA
2000-12-25,192,NA
2000-12-26,171,11
2000-12-27,185,NA
2000-12-28,189,NA
2000-12-29,193,NA
2000-12-30,205,NA
2000-12-31,190,NA
2001-01-01,186,10
2001-01-02,225,NA
2001-01-03,202,NA
2001-01-04,186,NA
2001-01-05,226,NA
2001-01-06,207,NA
2001-01-07,192,27
2001-01-08,184,NA
2001-01-09,213,NA
2001-01-10,178,NA
2001-01-11,192,NA
2001-01-12,200,NA
2001-01-13,190,21
2001-01-14,188,NA
2001-01-15,195,NA
2001-01-16,209,NA
2001-01-17,186,NA
2001-01-18,209,NA
2001-01-19,182,16
2001-01-20,165,NA
2001-01-21,178,NA
2001-01-22,146,NA
2001-01-23,163,NA
2001-01-24,194,NA
2001-01-25,186,29
2001-01-26,174,NA
2001-01-27,199,NA
2001-01-28,164,NA
2001-01-29,177,NA
2001-01-30,188,NA
2001-01-31,197,29
2001-02-01,201,NA
2001-02-02,176,NA
2001-02-03,187,NA
2001-02-04,170,NA
2001-02-05,178,NA
2001-02-06,163,21
2001-02-07,173,NA
2001-02-08,164,NA
2001-02-09,168,NA
2001-02-10,193,NA
2001-02-11,152,NA
2001-02-12,174,12.5
2001-02-13,176,NA
2001-02-14,169,NA
2001-02-15,186,NA
2001-02-16,174,NA
2001-02-17,180,NA
2001-02-18,155,9
2001-02-19,182,NA
2001-02-20,173,NA
2001-02-21,195,NA
2001-02-22,189,NA
2001-02-23,185,NA
2001-02-24,199,16
2001-02-25,172,NA
2001-02-26,189,NA
2001-02-27,151,NA
2001-02-28,151,NA
2001-03-01,186,NA
2001-03-02,156,24.5
2001-03-03,173,NA
2001-03-04,161,NA
2001-03-05,206,NA
2001-03-06,209,NA
2001-03-07,173,NA
2001-03-08,145,16.5
2001-03-09,159,NA
2001-03-10,188,NA
2001-03-11,181,NA
2001-03-12,194,NA
2001-03-13,174,NA
2001-03-14,192,14.5
2001-03-15,154,NA
2001-03-16,163,NA
2001-03-17,165,NA
2001-03-18,177,NA
2001-03-19,157,NA
2001-03-20,158,15.5
2001-03-21,144,NA
2001-03-22,168,NA
2001-03-23,169,NA
2001-03-24,156,NA
2001-03-25,137,NA
2001-03-26,157,17.5
2001-03-27,166,NA
2001-03-28,159,NA
2001-03-29,172,NA
2001-03-30,154,NA
2001-03-31,160,NA
2001-04-01,158,20
2001-04-02,153,NA
2001-04-03,163,NA
2001-04-04,169,NA
2001-04-05,185,NA
2001-04-06,172,NA
2001-04-07,163,20.5
2001-04-08,156,NA
2001-04-09,169,NA
2001-04-10,161,NA
2001-04-11,173,NA
2001-04-12,166,NA
2001-04-13,169,21
2001-04-14,163,NA
2001-04-15,177,NA
2001-04-16,147,NA
2001-04-17,165,NA
2001-04-18,155,NA
2001-04-19,173,16
2001-04-20,183,NA
2001-04-21,146,NA
2001-04-22,213,NA
2001-04-23,190,NA
2001-04-24,179,NA
2001-04-25,138,14
2001-04-26,168,NA
2001-04-27,186,NA
2001-04-28,147,NA
2001-04-29,156,NA
2001-04-30,154,NA
2001-05-01,178,40
2001-05-02,167,NA
2001-05-03,155,NA
2001-05-04,168,NA
2001-05-05,139,NA
2001-05-06,156,NA
2001-05-07,157,14.5
2001-05-08,188,NA
2001-05-09,154,NA
2001-05-10,167,NA
2001-05-11,150,NA
2001-05-12,185,NA
2001-05-13,144,10
2001-05-14,177,NA
2001-05-15,172,NA
2001-05-16,172,NA
2001-05-17,152,NA
2001-05-18,146,NA
2001-05-19,145,31
2001-05-20,139,NA
2001-05-21,159,NA
2001-05-22,145,NA
2001-05-23,155,NA
2001-05-24,152,NA
2001-05-25,177,12
2001-05-26,144,NA
2001-05-27,158,NA
2001-05-28,157,NA
2001-05-29,163,NA
2001-05-30,166,NA
2001-05-31,139,10.5
2001-06-01,174,NA
2001-06-02,172,NA
2001-06-03,149,NA
2001-06-04,142,NA
2001-06-05,177,NA
2001-06-06,174,14
2001-06-07,173,NA
2001-06-08,151,NA
2001-06-09,173,NA
2001-06-10,173,NA
2001-06-11,170,NA
2001-06-12,183,25
2001-06-13,175,NA
2001-06-14,159,NA
2001-06-15,161,NA
2001-06-16,172,NA
2001-06-17,149,NA
2001-06-18,155,16
2001-06-19,169,NA
2001-06-20,161,NA
2001-06-21,166,NA
2001-06-22,169,NA
2001-06-23,161,NA
2001-06-24,168,9
2001-06-25,163,NA
2001-06-26,151,NA
2001-06-27,156,NA
2001-06-28,177,NA
2001-06-29,141,NA
2001-06-30,163,54
2001-07-01,184,NA
2001-07-02,151,NA
2001-07-03,155,NA
2001-07-04,155,NA
2001-07-05,174,NA
2001-07-06,151,9
2001-07-07,156,NA
2001-07-08,154,NA
2001-07-09,159,NA
2001-07-10,173,NA
2001-07-11,157,NA
2001-07-12,156,11
2001-07-13,147,NA
2001-07-14,165,NA
2001-07-15,157,NA
2001-07-16,151,NA
2001-07-17,164,NA
2001-07-18,167,23
2001-07-19,152,NA
2001-07-20,156,NA
2001-07-21,135,NA
2001-07-22,138,NA
2001-07-23,131,NA
2001-07-24,159,23
2001-07-25,132,NA
2001-07-26,145,NA
2001-07-27,130,NA
2001-07-28,173,NA
2001-07-29,166,NA
2001-07-30,160,12.5
2001-07-31,129,NA
2001-08-01,159,NA
2001-08-02,166,NA
2001-08-03,151,NA
2001-08-04,167,NA
2001-08-05,147,26.5
2001-08-06,161,NA
2001-08-07,172,NA
2001-08-08,159,NA
2001-08-09,191,NA
2001-08-10,180,NA
2001-08-11,156,19
2001-08-12,158,NA
2001-08-13,162,NA
2001-08-14,144,NA
2001-08-15,157,NA
2001-08-16,153,NA
2001-08-17,124,27
2001-08-18,152,NA
2001-08-19,155,NA
2001-08-20,167,NA
2001-08-21,165,NA
2001-08-22,152,NA
2001-08-23,148,37.5
2001-08-24,163,NA
2001-08-25,144,NA
2001-08-26,154,NA
2001-08-27,151,NA
2001-08-28,160,NA
2001-08-29,164,20.5
2001-08-30,149,NA
2001-08-31,166,NA
2001-09-01,141,NA
2001-09-02,150,NA
2001-09-03,146,NA
2001-09-04,149,23.5
2001-09-05,139,NA
2001-09-06,172,NA
2001-09-07,150,NA
2001-09-08,157,NA
2001-09-09,168,NA
2001-09-10,171,15
2001-09-11,153,NA
2001-09-12,173,NA
2001-09-13,148,NA
2001-09-14,156,NA
2001-09-15,147,NA
2001-09-16,158,15
2001-09-17,154,NA
2001-09-18,143,NA
2001-09-19,171,NA
2001-09-20,159,NA
2001-09-21,161,NA
2001-09-22,152,34
2001-09-23,162,NA
2001-09-24,147,NA
2001-09-25,161,NA
2001-09-26,151,NA
2001-09-27,136,NA
2001-09-28,175,15
2001-09-29,172,NA
2001-09-30,134,NA
2001-10-01,162,NA
2001-10-02,177,NA
2001-10-03,173,NA
2001-10-04,181,42
2001-10-05,193,NA
2001-10-06,148,NA
2001-10-07,165,NA
2001-10-08,134,NA
2001-10-09,165,NA
2001-10-10,168,20
2001-10-11,161,NA
2001-10-12,175,NA
2001-10-13,161,NA
2001-10-14,172,NA
2001-10-15,176,NA
2001-10-16,159,19
2001-10-17,155,NA
2001-10-18,154,NA
2001-10-19,167,NA
2001-10-20,170,NA
2001-10-21,185,NA
2001-10-22,179,24
2001-10-23,160,NA
2001-10-24,186,NA
2001-10-25,162,NA
2001-10-26,179,NA
2001-10-27,170,NA
2001-10-28,170,12
2001-10-29,156,NA
2001-10-30,189,NA
2001-10-31,181,NA
2001-11-01,191,NA
2001-11-02,145,NA
2001-11-03,181,16
2001-11-04,182,NA
2001-11-05,146,NA
2001-11-06,161,NA
2001-11-07,175,NA
2001-11-08,165,NA
2001-11-09,162,14
2001-11-10,138,NA
2001-11-11,177,NA
2001-11-12,162,NA
2001-11-13,180,NA
2001-11-14,170,NA
2001-11-15,145,50
2001-11-16,177,NA
2001-11-17,161,NA
2001-11-18,163,NA
2001-11-19,163,NA
2001-11-20,171,NA
2001-11-21,152,15
2001-11-22,157,NA
2001-11-23,159,NA
2001-11-24,134,NA
2001-11-25,192,NA
2001-11-26,147,NA
2001-11-27,190,18
2001-11-28,140,NA
2001-11-29,164,NA
2001-11-30,172,NA
2001-12-01,181,NA
2001-12-02,141,NA
2001-12-03,170,30
2001-12-04,192,NA
2001-12-05,137,NA
2001-12-06,190,NA
2001-12-07,182,NA
2001-12-08,144,NA
2001-12-09,153,9
2001-12-10,168,NA
2001-12-11,157,NA
2001-12-12,143,NA
2001-12-13,185,NA
2001-12-14,177,NA
2001-12-15,161,7
2001-12-16,164,NA
2001-12-17,166,NA
2001-12-18,178,NA
2001-12-19,163,NA
2001-12-20,175,NA
2001-12-21,170,7
2001-12-22,173,NA
2001-12-23,185,NA
2001-12-24,198,NA
2001-12-25,183,NA
2001-12-26,169,NA
2001-12-27,157,16
2001-12-28,162,NA
2001-12-29,170,NA
2001-12-30,184,NA
2001-12-31,234,NA
2002-01-01,174,NA
2002-01-02,207,12
2002-01-03,209,NA
2002-01-04,201,NA
2002-01-05,188,NA
2002-01-06,205,NA
2002-01-07,203,NA
2002-01-08,190,13
2002-01-09,197,NA
2002-01-10,183,NA
2002-01-11,183,NA
2002-01-12,210,NA
2002-01-13,193,NA
2002-01-14,184,14
2002-01-15,182,NA
2002-01-16,173,NA
2002-01-17,210,NA
2002-01-18,182,NA
2002-01-19,197,NA
2002-01-20,170,15
2002-01-21,184,NA
2002-01-22,194,NA
2002-01-23,173,NA
2002-01-24,179,NA
2002-01-25,182,NA
2002-01-26,164,14
2002-01-27,179,NA
2002-01-28,220,NA
2002-01-29,188,NA
2002-01-30,196,NA
2002-01-31,181,NA
2002-02-01,156,13
2002-02-02,185,NA
2002-02-03,191,NA
2002-02-04,219,NA
2002-02-05,202,NA
2002-02-06,163,NA
2002-02-07,196,29
2002-02-08,173,NA
2002-02-09,210,NA
2002-02-10,179,NA
2002-02-11,180,NA
2002-02-12,157,NA
2002-02-13,199,10
2002-02-14,203,NA
2002-02-15,194,NA
2002-02-16,202,NA
2002-02-17,199,NA
2002-02-18,158,NA
2002-02-19,168,23
2002-02-20,186,NA
2002-02-21,188,NA
2002-02-22,186,NA
2002-02-23,153,NA
2002-02-24,162,NA
2002-02-25,178,19
2002-02-26,180,NA
2002-02-27,160,NA
2002-02-28,143,NA
2002-03-01,168,NA
2002-03-02,175,NA
2002-03-03,199,15
2002-03-04,175,NA
2002-03-05,152,NA
2002-03-06,183,NA
2002-03-07,176,NA
2002-03-08,151,NA
2002-03-09,167,17
2002-03-10,180,NA
2002-03-11,159,NA
2002-03-12,160,NA
2002-03-13,182,NA
2002-03-14,168,NA
2002-03-15,162,38
2002-03-16,140,NA
2002-03-17,169,NA
2002-03-18,191,NA
2002-03-19,170,NA
2002-03-20,177,NA
2002-03-21,178,17
2002-03-22,161,NA
2002-03-23,143,NA
2002-03-24,155,NA
2002-03-25,173,NA
2002-03-26,171,NA
2002-03-27,184,11
2002-03-28,171,NA
2002-03-29,165,NA
2002-03-30,166,NA
2002-03-31,169,NA
2002-04-01,172,NA
2002-04-02,163,16
2002-04-03,151,NA
2002-04-04,179,NA
2002-04-05,162,NA
2002-04-06,160,NA
2002-04-07,150,NA
2002-04-08,179,20
2002-04-09,175,NA
2002-04-10,169,NA
2002-04-11,158,NA
2002-04-12,151,NA
2002-04-13,150,NA
2002-04-14,163,13.5
2002-04-15,169,NA
2002-04-16,184,NA
2002-04-17,176,NA
2002-04-18,153,NA
2002-04-19,140,NA
2002-04-20,167,16
2002-04-21,167,NA
2002-04-22,167,NA
2002-04-23,183,NA
2002-04-24,166,NA
2002-04-25,146,NA
2002-04-26,160,12
2002-04-27,152,NA
2002-04-28,159,NA
2002-04-29,160,NA
2002-04-30,162,NA
2002-05-01,154,NA
2002-05-02,155,26
2002-05-03,153,NA
2002-05-04,139,NA
2002-05-05,149,NA
2002-05-06,186,NA
2002-05-07,167,NA
2002-05-08,164,17
2002-05-09,147,NA
2002-05-10,156,NA
2002-05-11,147,NA
2002-05-12,150,NA
2002-05-13,154,NA
2002-05-14,162,10
2002-05-15,162,NA
2002-05-16,166,NA
2002-05-17,148,NA
2002-05-18,160,NA
2002-05-19,149,NA
2002-05-20,174,10.5
2002-05-21,154,NA
2002-05-22,180,NA
2002-05-23,130,NA
2002-05-24,176,NA
2002-05-25,166,NA
2002-05-26,170,22
2002-05-27,145,NA
2002-05-28,147,NA
2002-05-29,158,NA
2002-05-30,144,NA
2002-05-31,148,NA
2002-06-01,136,26
2002-06-02,153,NA
2002-06-03,160,NA
2002-06-04,142,NA
2002-06-05,167,NA
2002-06-06,150,NA
2002-06-07,139,10.75
2002-06-08,157,NA
2002-06-09,153,NA
2002-06-10,161,NA
2002-06-11,144,NA
2002-06-12,154,NA
2002-06-13,136,13.6
2002-06-14,127,NA
2002-06-15,154,NA
2002-06-16,133,NA
2002-06-17,152,NA
2002-06-18,133,NA
2002-06-19,143,25.2
2002-06-20,145,NA
2002-06-21,143,NA
2002-06-22,147,NA
2002-06-23,140,NA
2002-06-24,160,NA
2002-06-25,161,27.6
2002-06-26,167,NA
2002-06-27,140,NA
2002-06-28,137,NA
2002-06-29,176,NA
2002-06-30,149,NA
2002-07-01,161,38.4
2002-07-02,150,NA
2002-07-03,172,NA
2002-07-04,194,NA
2002-07-05,199,NA
2002-07-06,166,NA
2002-07-07,171,92.4
2002-07-08,163,NA
2002-07-09,146,NA
2002-07-10,154,NA
2002-07-11,144,NA
2002-07-12,149,NA
2002-07-13,152,20.6
2002-07-14,147,NA
2002-07-15,160,NA
2002-07-16,142,NA
2002-07-17,151,NA
2002-07-18,157,NA
2002-07-19,147,48.75
2002-07-20,142,NA
2002-07-21,149,NA
2002-07-22,132,NA
2002-07-23,167,NA
2002-07-24,163,NA
2002-07-25,134,13
2002-07-26,155,NA
2002-07-27,139,NA
2002-07-28,148,NA
2002-07-29,160,NA
2002-07-30,168,NA
2002-07-31,145,24
2002-08-01,153,NA
2002-08-02,172,NA
2002-08-03,159,NA
2002-08-04,158,NA
2002-08-05,168,NA
2002-08-06,152,13.75
2002-08-07,140,NA
2002-08-08,177,NA
2002-08-09,164,NA
2002-08-10,158,NA
2002-08-11,133,NA
2002-08-12,165,38.8
2002-08-13,180,NA
2002-08-14,140,NA
2002-08-15,162,NA
2002-08-16,130,NA
2002-08-17,165,NA
2002-08-18,148,33
2002-08-19,160,NA
2002-08-20,166,NA
2002-08-21,136,NA
2002-08-22,141,NA
2002-08-23,144,NA
2002-08-24,138,12.6
2002-08-25,156,NA
2002-08-26,153,NA
2002-08-27,128,NA
2002-08-28,145,NA
2002-08-29,144,NA
2002-08-30,142,13.25
2002-08-31,148,NA
2002-09-01,134,NA
2002-09-02,152,NA
2002-09-03,146,NA
2002-09-04,167,NA
2002-09-05,163,13.25
2002-09-06,174,NA
2002-09-07,154,NA
2002-09-08,145,NA
2002-09-09,148,NA
2002-09-10,160,NA
2002-09-11,148,24.25
2002-09-12,130,NA
2002-09-13,184,NA
2002-09-14,155,NA
2002-09-15,144,NA
2002-09-16,166,NA
2002-09-17,139,19.4
2002-09-18,170,NA
2002-09-19,136,NA
2002-09-20,147,NA
2002-09-21,150,NA
2002-09-22,138,NA
2002-09-23,143,16.4
2002-09-24,124,NA
2002-09-25,141,NA
2002-09-26,154,NA
2002-09-27,142,NA
2002-09-28,155,NA
2002-09-29,146,15.75
2002-09-30,173,NA
2002-10-01,153,NA
2002-10-02,164,NA
2002-10-03,155,NA
2002-10-04,158,NA
2002-10-05,147,23
2002-10-06,160,NA
2002-10-07,152,NA
2002-10-08,141,NA
2002-10-09,145,NA
2002-10-10,168,NA
2002-10-11,141,9
2002-10-12,177,NA
2002-10-13,166,NA
2002-10-14,165,NA
2002-10-15,146,NA
2002-10-16,192,NA
2002-10-17,154,12.666666667
2002-10-18,154,NA
2002-10-19,146,NA
2002-10-20,161,NA
2002-10-21,183,NA
2002-10-22,167,NA
2002-10-23,158,17.4
2002-10-24,153,NA
2002-10-25,170,NA
2002-10-26,173,NA
2002-10-27,172,NA
2002-10-28,187,NA
2002-10-29,158,14
2002-10-30,167,NA
2002-10-31,172,NA
2002-11-01,171,NA
2002-11-02,192,NA
2002-11-03,176,NA
2002-11-04,173,24
2002-11-05,193,NA
2002-11-06,177,NA
2002-11-07,161,NA
2002-11-08,193,NA
2002-11-09,176,NA
2002-11-10,179,19.333333333
2002-11-11,177,NA
2002-11-12,174,NA
2002-11-13,153,NA
2002-11-14,176,NA
2002-11-15,188,NA
2002-11-16,163,11.666666667
2002-11-17,176,NA
2002-11-18,178,NA
2002-11-19,142,NA
2002-11-20,167,NA
2002-11-21,157,NA
2002-11-22,162,20.75
2002-11-23,162,NA
2002-11-24,138,NA
2002-11-25,179,NA
2002-11-26,151,NA
2002-11-27,161,NA
2002-11-28,153,10.6
2002-11-29,143,NA
2002-11-30,195,NA
2002-12-01,168,NA
2002-12-02,166,NA
2002-12-03,163,NA
2002-12-04,185,16.25
2002-12-05,180,NA
2002-12-06,186,NA
2002-12-07,183,NA
2002-12-08,196,NA
2002-12-09,179,NA
2002-12-10,176,36.75
2002-12-11,178,NA
2002-12-12,188,NA
2002-12-13,177,NA
2002-12-14,190,NA
2002-12-15,181,NA
2002-12-16,186,12.5
2002-12-17,189,NA
2002-12-18,168,NA
2002-12-19,204,NA
2002-12-20,198,NA
2002-12-21,171,NA
2002-12-22,159,14.75
2002-12-23,199,NA
2002-12-24,176,NA
2002-12-25,193,NA
2002-12-26,194,NA
2002-12-27,187,NA
2002-12-28,178,21.25
2002-12-29,180,NA
2002-12-30,183,NA
2002-12-31,165,NA
2003-01-01,187,NA
2003-01-02,179,NA
2003-01-03,160,11
2003-01-04,177,NA
2003-01-05,184,NA
2003-01-06,179,NA
2003-01-07,184,NA
2003-01-08,190,NA
2003-01-09,180,14.6
2003-01-10,173,NA
2003-01-11,156,NA
2003-01-12,151,NA
2003-01-13,183,NA
2003-01-14,180,NA
2003-01-15,172,14.25
2003-01-16,191,NA
2003-01-17,184,NA
2003-01-18,171,NA
2003-01-19,147,NA
2003-01-20,198,NA
2003-01-21,204,11.4
2003-01-22,182,NA
2003-01-23,188,NA
2003-01-24,206,NA
2003-01-25,189,NA
2003-01-26,192,NA
2003-01-27,200,10.2
2003-01-28,158,NA
2003-01-29,171,NA
2003-01-30,170,NA
2003-01-31,168,NA
2003-02-01,186,NA
2003-02-02,188,11
2003-02-03,179,NA
2003-02-04,192,NA
2003-02-05,164,NA
2003-02-06,182,NA
2003-02-07,166,NA
2003-02-08,188,17
2003-02-09,203,NA
2003-02-10,175,NA
2003-02-11,202,NA
2003-02-12,198,NA
2003-02-13,191,NA
2003-02-14,157,16
2003-02-15,162,NA
2003-02-16,166,NA
2003-02-17,183,NA
2003-02-18,190,NA
2003-02-19,187,NA
2003-02-20,173,29.5
2003-02-21,185,NA
2003-02-22,200,NA
2003-02-23,186,NA
2003-02-24,185,NA
2003-02-25,164,NA
2003-02-26,158,18
2003-02-27,197,NA
2003-02-28,187,NA
2003-03-01,166,NA
2003-03-02,165,NA
2003-03-03,179,NA
2003-03-04,166,15.6
2003-03-05,182,NA
2003-03-06,171,NA
2003-03-07,157,NA
2003-03-08,169,NA
2003-03-09,163,NA
2003-03-10,171,12.25
2003-03-11,154,NA
2003-03-12,174,NA
2003-03-13,184,NA
2003-03-14,146,NA
2003-03-15,149,NA
2003-03-16,175,15.4
2003-03-17,143,NA
2003-03-18,161,NA
2003-03-19,157,NA
2003-03-20,141,NA
2003-03-21,157,NA
2003-03-22,174,15.2
2003-03-23,162,NA
2003-03-24,158,NA
2003-03-25,177,NA
2003-03-26,136,NA
2003-03-27,122,NA
2003-03-28,147,14.8
2003-03-29,150,NA
2003-03-30,169,NA
2003-03-31,169,NA
2003-04-01,155,NA
2003-04-02,159,NA
2003-04-03,150,23.8
2003-04-04,148,NA
2003-04-05,146,NA
2003-04-06,152,NA
2003-04-07,154,NA
2003-04-08,175,NA
2003-04-09,173,13
2003-04-10,151,NA
2003-04-11,138,NA
2003-04-12,168,NA
2003-04-13,157,NA
2003-04-14,152,NA
2003-04-15,192,26.5
2003-04-16,171,NA
2003-04-17,148,NA
2003-04-18,127,NA
2003-04-19,159,NA
2003-04-20,155,NA
2003-04-21,151,15.4
2003-04-22,155,NA
2003-04-23,162,NA
2003-04-24,168,NA
2003-04-25,175,NA
2003-04-26,175,NA
2003-04-27,155,15
2003-04-28,150,NA
2003-04-29,158,NA
2003-04-30,146,NA
2003-05-01,157,NA
2003-05-02,137,NA
2003-05-03,167,14.6
2003-05-04,129,NA
2003-05-05,173,NA
2003-05-06,170,NA
2003-05-07,160,NA
2003-05-08,161,NA
2003-05-09,166,25
2003-05-10,159,NA
2003-05-11,144,NA
2003-05-12,144,NA
2003-05-13,159,NA
2003-05-14,157,NA
2003-05-15,129,17.75
2003-05-16,132,NA
2003-05-17,142,NA
2003-05-18,162,NA
2003-05-19,146,NA
2003-05-20,173,NA
2003-05-21,155,20.5
2003-05-22,150,NA
2003-05-23,150,NA
2003-05-24,170,NA
2003-05-25,162,NA
2003-05-26,163,NA
2003-05-27,143,14.75
2003-05-28,151,NA
2003-05-29,163,NA
2003-05-30,153,NA
2003-05-31,174,NA
2003-06-01,158,NA
2003-06-02,155,15.666666667
2003-06-03,164,NA
2003-06-04,170,NA
2003-06-05,142,NA
2003-06-06,156,NA
2003-06-07,150,NA
2003-06-08,170,25.2
2003-06-09,164,NA
2003-06-10,172,NA
2003-06-11,152,NA
2003-06-12,153,NA
2003-06-13,141,NA
2003-06-14,156,31.8
2003-06-15,164,NA
2003-06-16,129,NA
2003-06-17,155,NA
2003-06-18,156,NA
2003-06-19,140,NA
2003-06-20,165,26
2003-06-21,146,NA
2003-06-22,156,NA
2003-06-23,139,NA
2003-06-24,143,NA
2003-06-25,170,NA
2003-06-26,179,67
2003-06-27,188,NA
2003-06-28,172,NA
2003-06-29,155,NA
2003-06-30,170,NA
2003-07-01,166,NA
2003-07-02,176,34.25
2003-07-03,166,NA
2003-07-04,150,NA
2003-07-05,151,NA
2003-07-06,154,NA
2003-07-07,137,NA
2003-07-08,174,36
2003-07-09,143,NA
2003-07-10,134,NA
2003-07-11,148,NA
2003-07-12,134,NA
2003-07-13,150,NA
2003-07-14,154,21.75
2003-07-15,154,NA
2003-07-16,169,NA
2003-07-17,159,NA
2003-07-18,146,NA
2003-07-19,145,NA
2003-07-20,158,21
2003-07-21,167,NA
2003-07-22,171,NA
2003-07-23,130,NA
2003-07-24,136,NA
2003-07-25,153,NA
2003-07-26,131,35
2003-07-27,133,NA
2003-07-28,153,NA
2003-07-29,138,NA
2003-07-30,143,NA
2003-07-31,142,NA
2003-08-01,160,22.2
2003-08-02,139,NA
2003-08-03,151,NA
2003-08-04,144,NA
2003-08-05,136,NA
2003-08-06,153,NA
2003-08-07,151,24
2003-08-08,138,NA
2003-08-09,144,NA
2003-08-10,148,NA
2003-08-11,119,NA
2003-08-12,164,NA
2003-08-13,138,47
2003-08-14,173,NA
2003-08-15,214,NA
2003-08-16,149,NA
2003-08-17,160,NA
2003-08-18,146,NA
2003-08-19,174,24.5
2003-08-20,149,NA
2003-08-21,161,NA
2003-08-22,161,NA
2003-08-23,159,NA
2003-08-24,131,NA
2003-08-25,162,33.25
2003-08-26,159,NA
2003-08-27,158,NA
2003-08-28,164,NA
2003-08-29,142,NA
2003-08-30,161,NA
2003-08-31,158,11.4
2003-09-01,145,NA
2003-09-02,157,NA
2003-09-03,169,NA
2003-09-04,142,NA
2003-09-05,158,NA
2003-09-06,149,11.6
2003-09-07,135,NA
2003-09-08,172,NA
2003-09-09,144,NA
2003-09-10,153,NA
2003-09-11,153,NA
2003-09-12,148,18.333333333
2003-09-13,144,NA
2003-09-14,159,NA
2003-09-15,169,NA
2003-09-16,134,NA
2003-09-17,137,NA
2003-09-18,154,19
2003-09-19,161,NA
2003-09-20,153,NA
2003-09-21,167,NA
2003-09-22,151,NA
2003-09-23,133,NA
2003-09-24,138,16.5
2003-09-25,186,NA
2003-09-26,152,NA
2003-09-27,180,NA
2003-09-28,135,NA
2003-09-29,154,NA
2003-09-30,149,16
2003-10-01,146,NA
2003-10-02,148,NA
2003-10-03,170,NA
2003-10-04,177,NA
2003-10-05,148,NA
2003-10-06,146,15.25
2003-10-07,148,NA
2003-10-08,161,NA
2003-10-09,163,NA
2003-10-10,183,NA
2003-10-11,171,NA
2003-10-12,130,17.2
2003-10-13,156,NA
2003-10-14,148,NA
2003-10-15,167,NA
2003-10-16,167,NA
2003-10-17,154,NA
2003-10-18,140,13.125
2003-10-19,164,NA
2003-10-20,178,NA
2003-10-21,149,NA
2003-10-22,181,NA
2003-10-23,118,NA
2003-10-24,153,12.125
2003-10-25,189,NA
2003-10-26,166,NA
2003-10-27,154,NA
2003-10-28,156,NA
2003-10-29,145,NA
2003-10-30,137,15.5
2003-10-31,160,NA
2003-11-01,172,NA
2003-11-02,158,NA
2003-11-03,143,NA
2003-11-04,160,NA
2003-11-05,152,23.25
2003-11-06,143,NA
2003-11-07,162,NA
2003-11-08,157,NA
2003-11-09,155,NA
2003-11-10,163,NA
2003-11-11,177,18.7
2003-11-12,188,NA
2003-11-13,167,NA
2003-11-14,147,NA
2003-11-15,161,NA
2003-11-16,150,NA
2003-11-17,161,33.5
2003-11-18,159,NA
2003-11-19,143,NA
2003-11-20,174,NA
2003-11-21,169,NA
2003-11-22,167,NA
2003-11-23,152,18.333333333
2003-11-24,168,NA
2003-11-25,152,NA
2003-11-26,146,NA
2003-11-27,164,NA
2003-11-28,190,NA
2003-11-29,171,7.8
2003-11-30,137,NA
2003-12-01,187,NA
2003-12-02,183,NA
2003-12-03,163,NA
2003-12-04,150,NA
2003-12-05,203,15.8
2003-12-06,185,NA
2003-12-07,174,NA
2003-12-08,184,NA
2003-12-09,228,NA
2003-12-10,197,NA
2003-12-11,203,9.3333333333
2003-12-12,158,NA
2003-12-13,169,NA
2003-12-14,195,NA
2003-12-15,194,NA
2003-12-16,174,NA
2003-12-17,200,13
2003-12-18,196,NA
2003-12-19,191,NA
2003-12-20,186,NA
2003-12-21,178,NA
2003-12-22,159,NA
2003-12-23,191,17.666666667
2003-12-24,192,NA
2003-12-25,191,NA
2003-12-26,214,NA
2003-12-27,191,NA
2003-12-28,170,NA
2003-12-29,219,23
2003-12-30,172,NA
2003-12-31,208,NA
2004-01-01,205,NA
2004-01-02,199,NA
2004-01-03,196,NA
2004-01-04,172,18.5
2004-01-05,160,NA
2004-01-06,191,NA
2004-01-07,210,NA
2004-01-08,198,NA
2004-01-09,204,NA
2004-01-10,164,10.375
2004-01-11,198,NA
2004-01-12,181,NA
2004-01-13,191,NA
2004-01-14,179,NA
2004-01-15,187,NA
2004-01-16,190,9
2004-01-17,198,NA
2004-01-18,199,NA
2004-01-19,189,NA
2004-01-20,196,NA
2004-01-21,183,NA
2004-01-22,184,16.25
2004-01-23,190,NA
2004-01-24,182,NA
2004-01-25,164,NA
2004-01-26,185,NA
2004-01-27,169,NA
2004-01-28,191,9.6666666667
2004-01-29,183,NA
2004-01-30,161,NA
2004-01-31,177,NA
2004-02-01,184,NA
2004-02-02,205,NA
2004-02-03,177,14
2004-02-04,183,NA
2004-02-05,143,NA
2004-02-06,167,NA
2004-02-07,169,NA
2004-02-08,157,NA
2004-02-09,152,16
2004-02-10,160,NA
2004-02-11,174,NA
2004-02-12,149,NA
2004-02-13,170,NA
2004-02-14,166,NA
2004-02-15,158,8.8
2004-02-16,184,NA
2004-02-17,162,NA
2004-02-18,174,NA
2004-02-19,156,NA
2004-02-20,174,NA
2004-02-21,154,16.4
2004-02-22,174,NA
2004-02-23,167,NA
2004-02-24,147,NA
2004-02-25,168,NA
2004-02-26,158,NA
2004-02-27,172,10.9
2004-02-28,168,NA
2004-02-29,171,NA
2004-03-01,176,NA
2004-03-02,168,NA
2004-03-03,174,NA
2004-03-04,156,20
2004-03-05,150,NA
2004-03-06,154,NA
2004-03-07,155,NA
2004-03-08,178,NA
2004-03-09,158,NA
2004-03-10,144,12.6
2004-03-11,132,NA
2004-03-12,168,NA
2004-03-13,153,NA
2004-03-14,142,NA
2004-03-15,160,NA
2004-03-16,174,8.6
2004-03-17,176,NA
2004-03-18,146,NA
2004-03-19,162,NA
2004-03-20,149,NA
2004-03-21,142,NA
2004-03-22,171,7.5
2004-03-23,141,NA
2004-03-24,157,NA
2004-03-25,153,NA
2004-03-26,171,NA
2004-03-27,168,NA
2004-03-28,152,7.3333333333
2004-03-29,152,NA
2004-03-30,132,NA
2004-03-31,163,NA
2004-04-01,164,NA
2004-04-02,179,NA
2004-04-03,138,12.8
2004-04-04,153,NA
2004-04-05,174,NA
2004-04-06,155,NA
2004-04-07,170,NA
2004-04-08,155,NA
2004-04-09,193,14.8
2004-04-10,139,NA
2004-04-11,178,NA
2004-04-12,158,NA
2004-04-13,172,NA
2004-04-14,143,NA
2004-04-15,142,8.2
2004-04-16,169,NA
2004-04-17,162,NA
2004-04-18,168,NA
2004-04-19,184,NA
2004-04-20,138,NA
2004-04-21,170,11.25
2004-04-22,145,NA
2004-04-23,150,NA
2004-04-24,162,NA
2004-04-25,148,NA
2004-04-26,183,NA
2004-04-27,156,15.4
2004-04-28,144,NA
2004-04-29,155,NA
2004-04-30,161,NA
2004-05-01,150,NA
2004-05-02,160,NA
2004-05-03,153,9.2
2004-05-04,138,NA
2004-05-05,162,NA
2004-05-06,142,NA
2004-05-07,140,NA
2004-05-08,150,NA
2004-05-09,173,18.8
2004-05-10,155,NA
2004-05-11,169,NA
2004-05-12,156,NA
2004-05-13,160,NA
2004-05-14,129,NA
2004-05-15,158,25.2
2004-05-16,142,NA
2004-05-17,122,NA
2004-05-18,134,NA
2004-05-19,126,NA
2004-05-20,147,NA
2004-05-21,173,27.875
2004-05-22,134,NA
2004-05-23,161,NA
2004-05-24,160,NA
2004-05-25,165,NA
2004-05-26,143,NA
2004-05-27,143,13.8
2004-05-28,173,NA
2004-05-29,126,NA
2004-05-30,142,NA
2004-05-31,140,NA
2004-06-01,152,NA
2004-06-02,129,17.666666667
2004-06-03,159,NA
2004-06-04,144,NA
2004-06-05,134,NA
2004-06-06,170,NA
2004-06-07,167,NA
2004-06-08,178,43.8
2004-06-09,154,NA
2004-06-10,163,NA
2004-06-11,136,NA
2004-06-12,140,NA
2004-06-13,150,NA
2004-06-14,154,18.75
2004-06-15,147,NA
2004-06-16,155,NA
2004-06-17,142,NA
2004-06-18,168,NA
2004-06-19,147,NA
2004-06-20,134,9.8333333333
2004-06-21,145,NA
2004-06-22,141,NA
2004-06-23,138,NA
2004-06-24,148,NA
2004-06-25,153,NA
2004-06-26,112,19.8
2004-06-27,148,NA
2004-06-28,143,NA
2004-06-29,151,NA
2004-06-30,139,NA
2004-07-01,174,NA
2004-07-02,159,29.333333333
2004-07-03,143,NA
2004-07-04,147,NA
2004-07-05,149,NA
2004-07-06,161,NA
2004-07-07,155,NA
2004-07-08,165,24.6
2004-07-09,141,NA
2004-07-10,132,NA
2004-07-11,137,NA
2004-07-12,147,NA
2004-07-13,144,NA
2004-07-14,125,18.25
2004-07-15,153,NA
2004-07-16,152,NA
2004-07-17,149,NA
2004-07-18,132,NA
2004-07-19,133,NA
2004-07-20,137,27.6
2004-07-21,135,NA
2004-07-22,143,NA
2004-07-23,140,NA
2004-07-24,128,NA
2004-07-25,130,NA
2004-07-26,158,13
2004-07-27,134,NA
2004-07-28,135,NA
2004-07-29,142,NA
2004-07-30,150,NA
2004-07-31,167,NA
2004-08-01,132,11
2004-08-02,137,NA
2004-08-03,160,NA
2004-08-04,153,NA
2004-08-05,121,NA
2004-08-06,124,NA
2004-08-07,138,8.625
2004-08-08,151,NA
2004-08-09,126,NA
2004-08-10,158,NA
2004-08-11,144,NA
2004-08-12,138,NA
2004-08-13,149,13.2
2004-08-14,132,NA
2004-08-15,139,NA
2004-08-16,139,NA
2004-08-17,137,NA
2004-08-18,134,NA
2004-08-19,149,26.6
2004-08-20,139,NA
2004-08-21,137,NA
2004-08-22,122,NA
2004-08-23,142,NA
2004-08-24,149,NA
2004-08-25,146,11.2
2004-08-26,136,NA
2004-08-27,145,NA
2004-08-28,142,NA
2004-08-29,170,NA
2004-08-30,135,NA
2004-08-31,148,14.3
2004-09-01,159,NA
2004-09-02,167,NA
2004-09-03,120,NA
2004-09-04,147,NA
2004-09-05,142,NA
2004-09-06,143,12.6
2004-09-07,146,NA
2004-09-08,154,NA
2004-09-09,139,NA
2004-09-10,134,NA
2004-09-11,133,NA
2004-09-12,148,14.5
2004-09-13,142,NA
2004-09-14,150,NA
2004-09-15,154,NA
2004-09-16,145,NA
2004-09-17,123,NA
2004-09-18,141,8.2
2004-09-19,124,NA
2004-09-20,162,NA
2004-09-21,147,NA
2004-09-22,158,NA
2004-09-23,164,NA
2004-09-24,148,14
2004-09-25,157,NA
2004-09-26,163,NA
2004-09-27,188,NA
2004-09-28,138,NA
2004-09-29,133,NA
2004-09-30,146,11.6
2004-10-01,160,NA
2004-10-02,147,NA
2004-10-03,155,NA
2004-10-04,144,NA
2004-10-05,161,NA
2004-10-06,172,14.8
2004-10-07,163,NA
2004-10-08,161,NA
2004-10-09,166,NA
2004-10-10,171,NA
2004-10-11,167,NA
2004-10-12,155,10.6
2004-10-13,165,NA
2004-10-14,175,NA
2004-10-15,162,NA
2004-10-16,149,NA
2004-10-17,151,NA
2004-10-18,177,11.75
2004-10-19,140,NA
2004-10-20,161,NA
2004-10-21,152,NA
2004-10-22,177,NA
2004-10-23,159,NA
2004-10-24,137,10.125
2004-10-25,177,NA
2004-10-26,167,NA
2004-10-27,158,NA
2004-10-28,164,NA
2004-10-29,178,NA
2004-10-30,154,19.875
2004-10-31,191,NA
2004-11-01,155,NA
2004-11-02,161,NA
2004-11-03,172,NA
2004-11-04,131,NA
2004-11-05,155,7.5
2004-11-06,151,NA
2004-11-07,151,NA
2004-11-08,162,NA
2004-11-09,164,NA
2004-11-10,138,NA
2004-11-11,168,19
2004-11-12,158,NA
2004-11-13,167,NA
2004-11-14,161,NA
2004-11-15,161,NA
2004-11-16,184,NA
2004-11-17,155,29.3
2004-11-18,164,NA
2004-11-19,173,NA
2004-11-20,143,NA
2004-11-21,148,NA
2004-11-22,192,NA
2004-11-23,141,16.625
2004-11-24,148,NA
2004-11-25,165,NA
2004-11-26,160,NA
2004-11-27,167,NA
2004-11-28,156,NA
2004-11-29,155,7.8
2004-11-30,135,NA
2004-12-01,168,NA
2004-12-02,178,NA
2004-12-03,159,NA
2004-12-04,154,NA
2004-12-05,138,11.8
2004-12-06,176,NA
2004-12-07,157,NA
2004-12-08,177,NA
2004-12-09,161,NA
2004-12-10,152,NA
2004-12-11,165,9.2
2004-12-12,142,NA
2004-12-13,173,NA
2004-12-14,135,NA
2004-12-15,164,NA
2004-12-16,180,NA
2004-12-17,174,12
2004-12-18,171,NA
2004-12-19,169,NA
2004-12-20,164,NA
2004-12-21,178,NA
2004-12-22,199,NA
2004-12-23,212,10.8
2004-12-24,184,NA
2004-12-25,172,NA
2004-12-26,166,NA
2004-12-27,197,NA
2004-12-28,192,NA
2004-12-29,184,24
2004-12-30,203,NA
2004-12-31,206,NA
2005-01-01,192,NA
2005-01-02,200,NA
2005-01-03,174,NA
2005-01-04,199,55
2005-01-05,222,NA
2005-01-06,212,NA
2005-01-07,211,NA
2005-01-08,204,NA
2005-01-09,205,NA
2005-01-10,207,16
2005-01-11,202,NA
2005-01-12,203,NA
2005-01-13,199,NA
2005-01-14,225,NA
2005-01-15,170,NA
2005-01-16,179,10
2005-01-17,200,NA
2005-01-18,190,NA
2005-01-19,207,NA
2005-01-20,181,NA
2005-01-21,170,NA
2005-01-22,181,12
2005-01-23,207,NA
2005-01-24,215,NA
2005-01-25,171,NA
2005-01-26,174,NA
2005-01-27,195,NA
2005-01-28,192,20.75
2005-01-29,184,NA
2005-01-30,197,NA
2005-01-31,201,NA
2005-02-01,172,NA
2005-02-02,167,NA
2005-02-03,173,20.75
2005-02-04,183,NA
2005-02-05,184,NA
2005-02-06,179,NA
2005-02-07,214,NA
2005-02-08,188,NA
2005-02-09,169,22
2005-02-10,177,NA
2005-02-11,165,NA
2005-02-12,172,NA
2005-02-13,156,NA
2005-02-14,178,NA
2005-02-15,176,16
2005-02-16,173,NA
2005-02-17,145,NA
2005-02-18,163,NA
2005-02-19,155,NA
2005-02-20,167,NA
2005-02-21,177,10
2005-02-22,189,NA
2005-02-23,164,NA
2005-02-24,162,NA
2005-02-25,182,NA
2005-02-26,185,NA
2005-02-27,165,11
2005-02-28,167,NA
2005-03-01,168,NA
2005-03-02,177,NA
2005-03-03,175,NA
2005-03-04,157,NA
2005-03-05,170,12
2005-03-06,157,NA
2005-03-07,181,NA
2005-03-08,194,NA
2005-03-09,166,NA
2005-03-10,185,NA
2005-03-11,179,19.25
2005-03-12,190,NA
2005-03-13,144,NA
2005-03-14,158,NA
2005-03-15,168,NA
2005-03-16,134,NA
2005-03-17,178,20.5
2005-03-18,156,NA
2005-03-19,173,NA
2005-03-20,179,NA
2005-03-21,179,NA
2005-03-22,143,NA
2005-03-23,170,18
2005-03-24,140,NA
2005-03-25,148,NA
2005-03-26,137,NA
2005-03-27,149,NA
2005-03-28,160,NA
2005-03-29,170,8.25
2005-03-30,183,NA
2005-03-31,143,NA
2005-04-01,162,NA
2005-04-02,186,NA
2005-04-03,146,NA
2005-04-04,140,7
2005-04-05,161,NA
2005-04-06,169,NA
2005-04-07,149,NA
2005-04-08,151,NA
2005-04-09,160,NA
2005-04-10,166,NA
2005-04-11,139,NA
2005-04-12,195,NA
2005-04-13,176,NA
2005-04-14,140,NA
2005-04-15,151,NA
2005-04-16,161,NA
2005-04-17,179,NA
2005-04-18,182,NA
2005-04-19,174,NA
2005-04-20,166,NA
2005-04-21,161,NA
2005-04-22,124,NA
2005-04-23,142,NA
2005-04-24,160,NA
2005-04-25,156,NA
2005-04-26,159,NA
2005-04-27,153,NA
2005-04-28,132,NA
2005-04-29,150,NA
2005-04-30,161,NA
2005-05-01,136,NA
2005-05-02,155,NA
2005-05-03,164,NA
2005-05-04,140,NA
2005-05-05,163,NA
2005-05-06,155,NA
2005-05-07,136,NA
2005-05-08,145,NA
2005-05-09,154,NA
2005-05-10,139,NA
2005-05-11,131,NA
2005-05-12,167,NA
2005-05-13,160,NA
2005-05-14,159,NA
2005-05-15,159,NA
2005-05-16,146,NA
2005-05-17,155,NA
2005-05-18,160,NA
2005-05-19,161,NA
2005-05-20,136,NA
2005-05-21,163,NA
2005-05-22,133,NA
2005-05-23,141,NA
2005-05-24,138,NA
2005-05-25,139,NA
2005-05-26,171,NA
2005-05-27,154,NA
2005-05-28,170,NA
2005-05-29,146,NA
2005-05-30,156,NA
2005-05-31,141,NA
2005-06-01,145,NA
2005-06-02,153,NA
2005-06-03,155,NA
2005-06-04,142,NA
2005-06-05,164,NA
2005-06-06,172,NA
2005-06-07,123,NA
2005-06-08,157,NA
2005-06-09,160,NA
2005-06-10,167,NA
2005-06-11,156,NA
2005-06-12,155,NA
2005-06-13,149,NA
2005-06-14,144,NA
2005-06-15,145,NA
2005-06-16,145,NA
2005-06-17,150,NA
2005-06-18,151,NA
2005-06-19,140,NA
2005-06-20,158,NA
2005-06-21,140,NA
2005-06-22,157,NA
2005-06-23,135,NA
2005-06-24,131,NA
2005-06-25,138,NA
2005-06-26,158,NA
2005-06-27,139,NA
2005-06-28,138,NA
2005-06-29,150,NA
2005-06-30,129,NA
2005-07-01,143,NA
2005-07-02,135,NA
2005-07-03,134,NA
2005-07-04,125,NA
2005-07-05,142,NA
2005-07-06,136,NA
2005-07-07,146,NA
2005-07-08,127,NA
2005-07-09,143,NA
2005-07-10,134,NA
2005-07-11,155,NA
2005-07-12,148,NA
2005-07-13,139,NA
2005-07-14,135,NA
2005-07-15,134,NA
2005-07-16,143,NA
2005-07-17,143,NA
2005-07-18,147,NA
2005-07-19,134,NA
2005-07-20,135,NA
2005-07-21,141,NA
2005-07-22,161,NA
2005-07-23,152,NA
2005-07-24,135,NA
2005-07-25,132,NA
2005-07-26,150,NA
2005-07-27,142,NA
2005-07-28,133,NA
2005-07-29,139,NA
2005-07-30,132,NA
2005-07-31,123,NA
2005-08-01,139,NA
2005-08-02,138,NA
2005-08-03,133,NA
2005-08-04,151,NA
2005-08-05,129,NA
2005-08-06,141,NA
2005-08-07,137,NA
2005-08-08,154,NA
2005-08-09,157,NA
2005-08-10,130,NA
2005-08-11,139,NA
2005-08-12,148,NA
2005-08-13,161,NA
2005-08-14,155,NA
2005-08-15,151,NA
2005-08-16,130,NA
2005-08-17,137,NA
2005-08-18,134,NA
2005-08-19,121,NA
2005-08-20,127,NA
2005-08-21,134,NA
2005-08-22,135,NA
2005-08-23,150,NA
2005-08-24,135,NA
2005-08-25,131,NA
2005-08-26,140,NA
2005-08-27,168,NA
2005-08-28,154,NA
2005-08-29,131,NA
2005-08-30,137,NA
2005-08-31,127,NA
2005-09-01,132,NA
2005-09-02,141,NA
2005-09-03,118,NA
2005-09-04,132,NA
2005-09-05,133,NA
2005-09-06,130,NA
2005-09-07,125,NA
2005-09-08,147,NA
2005-09-09,137,NA
2005-09-10,129,NA
2005-09-11,122,NA
2005-09-12,160,NA
2005-09-13,129,NA
2005-09-14,136,NA
2005-09-15,136,NA
2005-09-16,134,NA
2005-09-17,128,NA
2005-09-18,120,NA
2005-09-19,136,NA
2005-09-20,133,NA
2005-09-21,133,NA
2005-09-22,146,NA
2005-09-23,148,NA
2005-09-24,121,NA
2005-09-25,132,NA
2005-09-26,142,NA
2005-09-27,118,NA
2005-09-28,139,NA
2005-09-29,147,NA
2005-09-30,136,NA
2005-10-01,127,NA
2005-10-02,151,NA
2005-10-03,170,NA
2005-10-04,138,NA
2005-10-05,166,NA
2005-10-06,152,NA
2005-10-07,124,NA
2005-10-08,170,NA
2005-10-09,138,NA
2005-10-10,123,NA
2005-10-11,151,NA
2005-10-12,155,NA
2005-10-13,139,NA
2005-10-14,151,NA
2005-10-15,171,NA
2005-10-16,148,NA
2005-10-17,157,NA
2005-10-18,161,NA
2005-10-19,168,NA
2005-10-20,130,NA
2005-10-21,149,NA
2005-10-22,149,NA
2005-10-23,149,NA
2005-10-24,159,NA
2005-10-25,168,NA
2005-10-26,158,NA
2005-10-27,150,NA
2005-10-28,146,NA
2005-10-29,154,NA
2005-10-30,163,NA
2005-10-31,149,NA
2005-11-01,158,NA
2005-11-02,168,NA
2005-11-03,174,NA
2005-11-04,143,NA
2005-11-05,179,NA
2005-11-06,148,NA
2005-11-07,166,NA
2005-11-08,151,NA
2005-11-09,160,NA
2005-11-10,145,NA
2005-11-11,150,NA
2005-11-12,131,NA
2005-11-13,165,NA
2005-11-14,155,NA
2005-11-15,153,NA
2005-11-16,158,NA
2005-11-17,153,NA
2005-11-18,153,NA
2005-11-19,140,NA
2005-11-20,168,NA
2005-11-21,140,NA
2005-11-22,157,NA
2005-11-23,142,NA
2005-11-24,185,NA
2005-11-25,149,NA
2005-11-26,159,NA
2005-11-27,151,NA
2005-11-28,184,NA
2005-11-29,166,NA
2005-11-30,176,NA
2005-12-01,147,NA
2005-12-02,142,NA
2005-12-03,179,NA
2005-12-04,133,NA
2005-12-05,158,NA
2005-12-06,141,NA
2005-12-07,159,NA
2005-12-08,148,NA
2005-12-09,161,NA
2005-12-10,155,NA
2005-12-11,189,NA
2005-12-12,160,NA
2005-12-13,157,NA
2005-12-14,167,NA
2005-12-15,176,NA
2005-12-16,181,NA
2005-12-17,163,NA
2005-12-18,169,NA
2005-12-19,164,NA
2005-12-20,171,NA
2005-12-21,171,NA
2005-12-22,164,NA
2005-12-23,161,NA
2005-12-24,165,NA
2005-12-25,148,NA
2005-12-26,168,NA
2005-12-27,162,NA
2005-12-28,152,NA
2005-12-29,176,NA
2005-12-30,163,NA
2005-12-31,136,NA
